Index,NASDAQ100_TOTAL_RETURN
Symbol,XNDX
Source,Nasdaq Global Index Watch ExportHistory/HistoryData
Date,Close,High,Low,NetChange
1999-03-31,2106.66,0.0,0.0,0.0
1999-04-30,2136.74,0.0,0.0,0.0
1999-05-28,2090.22,0.0,0.0,0.0
1999-06-30,2297.38,0.0,0.0,0.0
1999-07-30,2271.66,0.0,0.0,0.0
1999-08-31,2397.8,0.0,0.0,0.0
1999-09-30,2408.88,0.0,0.0,0.0
1999-10-29,2638.59,0.0,0.0,0.0
1999-11-30,2968.11,0.0,0.0,0.0
1999-12-31,3709.96,0.0,0.0,0.0
2000-01-31,3572.17,0.0,0.0,0.0
2000-02-29,4269.69,0.0,0.0,0.0
2000-03-31,4400.69,0.0,0.0,0.0
2000-04-28,3775.79,0.0,0.0,0.0
2000-05-31,3326.5,0.0,0.0,0.0
2000-06-30,3766.54,0.0,0.0,0.0
2000-07-31,3612.07,0.0,0.0,0.0
2000-08-31,4080.83,0.0,0.0,0.0
2000-09-29,3573.46,0.0,0.0,0.0
2000-10-31,3284.99,0.0,0.0,0.0
2000-11-30,2508.69,0.0,0.0,0.0
2000-12-29,2343.85,0.0,0.0,0.0
2001-01-31,2595.52,0.0,0.0,0.0
2001-02-28,1910.26,0.0,0.0,0.0
2001-03-30,1574.93,0.0,0.0,0.0
2001-04-30,1857.2,0.0,0.0,0.0
2001-05-31,1801.99,0.0,0.0,0.0
2001-06-29,1832.33,0.0,0.0,0.0
2001-07-31,1685.68,0.0,0.0,0.0
2001-08-31,1471.62,0.0,0.0,0.0
2001-09-28,1169.91,0.0,0.0,0.0
2001-10-31,1366.66,0.0,0.0,0.0
2001-11-30,1598.36,0.0,0.0,0.0
2001-12-31,1579.37,0.0,0.0,0.0
2002-01-31,1552.54,0.0,0.0,0.0
2002-02-28,1361.46,0.0,0.0,0.0
2002-03-28,1455.2,0.0,0.0,0.0
2002-04-30,1279.26,0.0,0.0,0.0
2002-05-31,1210.53,0.0,0.0,0.0
2002-06-28,1053.31,0.0,0.0,0.0
2002-07-31,963.97,0.0,0.0,0.0
2002-08-30,944.32,0.0,0.0,0.0
2002-09-30,834.24,0.0,0.0,0.0
2002-10-31,991.67,0.0,0.0,0.0
2002-11-29,1118.63,0.0,0.0,0.0
2002-12-31,986.72,0.0,0.0,0.0
2003-01-31,985.48,0.0,0.0,0.0
2003-02-28,1012.85,0.0,0.0,0.0
2003-03-31,1021.89,0.0,0.0,0.0
2003-04-30,1109.64,0.0,0.0,0.0
2003-05-30,1201.99,0.0,0.0,0.0
2003-06-30,1205.88,0.0,0.0,0.0
2003-07-31,1281.55,0.0,0.0,0.0
2003-08-29,1346.34,0.0,0.0,0.0
2003-09-30,1308.74,0.0,0.0,0.0
2003-10-31,1422.73,0.0,0.0,0.0
2003-11-28,1430.93,0.0,0.0,0.0
2003-12-31,1475.03,0.0,0.0,0.0
2004-01-30,1500.44,0.0,0.0,0.0
2004-02-27,1478.07,0.0,0.0,0.0
2004-03-31,1445.96,0.0,0.0,0.0
2004-04-30,1408.91,0.0,0.0,0.0
2004-05-28,1474.61,0.0,0.0,0.0
2004-06-30,1525.39,0.0,0.0,0.0
2004-07-30,1408.71,0.0,0.0,0.0
2004-08-31,1377.7,0.0,0.0,0.0
2004-09-30,1422.07,0.0,0.0,0.0
2004-10-29,1496.68,0.0,0.0,0.0
2004-11-30,1582.85,0.0,0.0,0.0
2004-12-31,1633.53,0.0,0.0,0.0
2005-01-31,1531.39,0.0,0.0,0.0
2005-02-28,1523.98,0.0,0.0,0.0
2005-03-31,1495.38,0.0,0.0,0.0
2005-04-29,1433.32,0.0,0.0,0.0
2005-05-31,1557.39,0.0,0.0,0.0
2005-06-30,1507.9,0.0,0.0,0.0
2005-07-29,1620.78,0.0,0.0,0.0
2005-08-31,1598.34,0.0,0.0,0.0
2005-09-30,1618.53,0.0,0.0,0.0
2005-10-31,1595.96,0.0,0.0,0.0
2005-11-30,1691.42,0.0,0.0,0.0
2005-12-30,1664.48,0.0,0.0,0.0
2006-01-31,1731.0,0.0,0.0,0.0
2006-02-28,1691.63,0.0,0.0,0.0
2006-03-31,1725.36,0.0,0.0,0.0
2006-04-28,1722.59,0.0,0.0,0.0
2006-05-31,1601.24,0.0,0.0,0.0
2006-06-30,1596.95,0.0,0.0,0.0
2006-07-31,1530.51,0.0,0.0,0.0
2006-08-31,1603.28,0.0,0.0,0.0
2006-09-29,1678.86,0.0,0.0,0.0
2006-10-31,1758.64,0.0,0.0,0.0
2006-11-30,1819.51,0.0,0.0,0.0
2006-12-29,1785.66,0.0,0.0,0.0
2007-01-31,1821.83,0.0,0.0,0.0
2007-02-28,1792.21,0.0,0.0,0.0
2007-03-30,1803.36,0.0,0.0,0.0
2007-04-30,1900.74,0.0,0.0,0.0
2007-05-31,1963.78,0.0,0.0,0.0
2007-06-29,1969.94,0.0,0.0,0.0
2007-07-31,1968.06,0.0,0.0,0.0
2007-08-31,2027.68,0.0,0.0,0.0
2007-09-28,2132.17,0.0,0.0,0.0
2007-10-31,2283.14,0.0,0.0,0.0
2007-11-30,2132.44,0.0,0.0,0.0
2007-12-31,2129.17,0.0,0.0,0.0
2008-01-31,1880.67,0.0,0.0,0.0
2008-02-29,1784.2,0.0,0.0,0.0
2008-03-31,1822.09,0.0,0.0,0.0
2008-04-30,1961.08,0.0,0.0,0.0
2008-05-30,2080.4,0.0,0.0,0.0
2008-06-30,1880.46,0.0,0.0,0.0
2008-07-31,1893.07,0.0,0.0,0.0
2008-08-29,1918.71,0.0,0.0,0.0
2008-09-30,1634.07,0.0,0.0,0.0
2008-10-31,1368.05,0.0,0.0,0.0
2008-11-28,1216.88,0.0,0.0,0.0
2008-12-31,1244.0,0.0,0.0,0.0
2009-01-30,1211.97,0.0,0.0,0.0
2009-02-27,1148.86,0.0,0.0,0.0
2009-03-31,1272.73,0.0,0.0,0.0
2009-04-30,1434.97,0.0,0.0,0.0
2009-05-29,1479.32,0.0,0.0,0.0
2009-06-30,1522.61,0.0,0.0,0.0
2009-07-31,1652.98,0.0,0.0,0.0
2009-08-31,1677.33,0.0,0.0,0.0
2009-09-30,1774.55,1787.41,1746.44,1.36
2009-10-30,1721.42,1768.71,1718.13,-45.58
2009-11-30,1826.95,1830.5,1809.84,2.04
2009-12-31,1923.39,1946.29,1923.39,-18.96
2010-01-29,1800.43,1850.99,1793.19,-31.09
2010-02-26,1882.99,1886.64,1867.89,5.97
2010-03-31,2028.01,2039.98,2024.7,-9.96
2010-04-30,2072.62,2117.95,2072.24,-43.78
2010-05-28,1921.24,1937.14,1904.48,-10.7
2010-06-30,1804.66,1843.54,1800.26,-25.86
2010-07-30,1934.65,1945.69,1903.41,3.84
2010-08-31,1836.58,1851.17,1824.06,-4.8
2010-09-30,2076.64,2109.49,2064.47,-11.47
2010-10-29,2208.62,2222.01,2208.62,-5.49
2010-11-30,2205.19,2219.95,2197.81,-28.36
2010-12-31,2310.84,2318.28,2302.0,-8.19
2011-01-31,2377.99,2383.82,2353.13,11.88
2011-02-28,2452.43,2464.74,2439.1,4.96
2011-03-31,2440.7,2444.09,2430.92,2.58
2011-04-29,2509.3,2521.28,2508.44,-6.0
2011-05-31,2480.0,2480.0,2453.54,38.1
2011-06-30,2431.68,2434.08,2408.26,32.04
2011-07-29,2472.19,2498.79,2450.22,-9.37
2011-08-31,2348.88,2377.24,2329.46,3.57
2011-09-30,2242.64,2291.32,2242.63,-61.33
2011-10-31,2475.44,2506.07,2475.2,-43.16
2011-11-30,2412.78,2412.94,2380.74,88.14
2011-12-30,2395.4,2407.27,2395.34,-7.39
2012-01-31,2596.21,2610.47,2580.53,2.77
2012-02-29,2764.26,2787.55,2755.18,-10.51
2012-03-30,2904.28,2924.57,2892.9,-7.15
2012-04-30,2872.4,2887.02,2868.98,-18.47
2012-05-31,2667.41,2683.82,2649.15,-13.24
2012-06-29,2765.21,2765.31,2713.54,83.91
2012-07-31,2794.68815136539,2810.27721848201,2792.2831768676,0.43701547
2012-08-31,2938.35724484675,2951.96824733697,2911.2871543319,19.60386045
2012-09-28,2968.68363929891,2991.13546875191,2964.87172691143,-23.75952397
2012-10-31,2809.95163633277,0.0,0.0,-18.89610488238
2012-11-30,2850.04713077014,2854.82049373396,2839.71061809311,-2.29364974
2012-12-31,2834.96688159891,2840.07728460181,2768.5243171253,58.1405579
2013-01-31,2910.51260772745,2931.36683095195,2908.94818649092,-7.650877
2013-02-28,2924.75555089947,2948.99610598416,2924.36370370727,-2.8539863
2013-03-28,3012.23515176632,3014.35052747833,2997.09948396974,9.30280441
2013-04-30,3087.3857727031,3087.84052040725,3057.975833174,21.91529696
2013-05-31,3195.53511309032,3239.85633162765,3195.53511309032,-32.23188293
2013-06-28,3121.06219528715,3140.24913869829,3101.72426937617,2.95951391
2013-07-31,3317.22481677848,3338.50766904765,3314.31520608966,5.21017991
2013-08-30,3307.75151883604,3331.01728327036,3296.1908175564,-21.03180243
2013-09-30,3464.82267360304,3476.93824269223,3431.09054750322,-13.03324823
2013-10-31,3638.48146508727,3662.8989168569,3627.74531554802,-8.23729563
2013-11-29,3767.24073747978,3776.04097643857,3760.20602615547,18.73309283
2013-12-31,3881.55262582561,3881.55262582561,3863.45262647621,23.68233498
2014-01-31,3807.4338457945,3826.36676241125,3770.80481542892,-11.33703836
2014-02-28,4004.13929857162,4032.60793472515,3970.26533770148,-4.01029274
2014-03-31,3897.71533746775,3922.29986038354,3895.50427052429,26.28492268
2014-04-30,3884.6556358952,3888.43203721096,3847.88097859218,8.70817046
2014-05-30,4061.47826291049,4066.64109502675,4038.94351901692,1.19517881
2014-06-30,4186.87378218764,4199.01849023471,4178.41486703558,5.48136505
2014-07-31,4235.8308338982,4297.21167463106,4232.13441636109,-90.94034891
2014-08-29,4451.77881596717,4452.2292847727,4429.56272709492,17.75579105
2014-09-30,4418.34996966926,4441.25064812807,4398.98871696356,2.47555574128
2014-10-31,4538.27713208253,4552.09713367515,4521.89858012448,62.83634634493
2014-11-28,4744.27820874923,4754.45243594079,4731.61273081892,21.6516648661
2014-12-31,4634.70535473002,4712.0859997448,4631.88980200714,-50.40172464879
2015-01-30,4540.82793195526,4609.14976715301,4536.01155645477,-36.03516615401
2015-02-27,4869.76890724445,4895.69578118352,4864.2667212529,-23.68693884965
2015-03-31,4756.38206769135,4804.30294384548,4756.38206769135,-53.90960918882
2015-04-30,4846.14145783777,4918.71964553822,4825.11156562696,-81.12810360513
2015-05-29,4958.30337676677,4992.74626177905,4948.8390557391,-30.14031491571
2015-06-30,4839.37591953651,4865.50408755369,4823.06235631956,18.59650833359
2015-07-31,5053.31514654999,5083.67460067771,5048.15608980044,-10.66593005449
2015-08-31,4716.64260442049,4771.97147414687,4702.85342185548,-60.16735048015
2015-09-30,4615.55399732353,4615.55399732353,4553.89300345125,107.83624086549
2015-10-30,5134.465450036,5170.2469644535,5134.465450036,-24.2255473543
2015-11-30,5162.98782855881,5196.79896421271,5151.94045469163,-17.6604563402
2015-12-31,5086.63222715733,5141.20398633692,5086.19435607164,-65.04703829746
2016-01-29,4741.11396833815,4741.11396833815,4636.01700314501,103.15981209968
2016-02-29,4665.37692444041,4734.42600090471,4664.30320334871,-38.30402359094
2016-03-31,4981.94126721996,5004.81649488709,4975.80358664563,-8.02299010119
2016-04-29,4826.40218645273,4861.60956936919,4788.38527813255,-25.22939173844
2016-05-31,5041.31987026781,5044.60371114306,5012.07536584455,12.64994763547
2016-06-30,4925.19181934188,4925.48556953088,4860.39094965427,59.04482789784
2016-07-29,5276.4028047307,5290.93054667932,5260.27084292684,9.84060215391
2016-08-31,5333.28698831131,5337.90869849906,5311.64379460923,-5.52247095095
2016-09-30,5452.5216161178,5467.66104171355,5420.32271336184,41.82146386522
2016-10-31,5371.54420865715,5396.87843073822,5371.42252345177,-4.83587831858
2016-11-30,5394.74387450751,5473.17202626157,5394.74387450751,-69.95817077539
2016-12-30,5456.6406181668,5527.92098176073,5445.76974513407,-61.32089892785
2017-01-31,5742.89014440899,5742.93146295123,5708.72517441384,-14.09788409705
2017-02-28,5993.80953988769,6013.10522627928,5978.51551546505,-19.39040359985
2017-03-31,6116.52183655181,6133.69647924392,6106.70017759746,-3.94853857154
2017-04-28,6285.19565242295,6303.73415450477,6275.82497797387,13.78607783071
2017-05-31,6529.02028380526,6556.60574987891,6499.41988919134,-6.57570679315
2017-06-30,6372.50083751192,6411.96936794544,6362.14462731868,-6.88700595317
2017-07-31,6638.30214841615,6697.055949708,6628.66271611251,-32.27416296844
2017-08-31,6773.28083870174,6781.01856821461,6725.03954417408,63.0024197178
2017-09-29,6765.48120938114,6766.52386673147,6710.62533398886,52.30827738015
2017-10-31,7073.45485507788,7084.61966782446,7051.48413543558,23.73359370467
2017-11-30,7219.39653908675,7229.17436771474,7169.34323674588,61.45488372685
2017-12-29,7256.86843717269,7309.17563120319,7256.86843717269,-51.05152399471
2018-01-31,7888.24041187837,7926.40591910833,7849.07286780362,21.85888816645
2018-02-28,7792.3354959283,7917.08419243029,7792.3354959283,-52.2161830536
2018-03-29,7485.67765235305,7553.50505405068,7320.23389562757,136.85298991673
2018-04-30,7516.38930493846,7638.06204502178,7502.77001197568,-57.78548858334
2018-05-31,7943.13351867454,7998.63615563929,7929.75574594381,-9.84648492031
2018-06-29,8029.89195082103,8099.48805242587,8019.16998827639,10.48992706716
2018-07-31,8251.50985466718,8298.26023445355,8191.52693599679,44.35997878639
2018-08-31,8746.93357260588,8771.96168081698,8717.21224686417,13.57956342821
2018-09-28,8721.54524267123,8746.30246131176,8688.4309724497,-2.19822290637
2018-10-31,7969.75453900237,8042.28920326523,7920.56409828181,179.55911097295
2018-11-30,7962.59175180748,7965.01390754735,7874.67788983435,64.87188918065
2018-12-31,7259.55199960175,7300.17224634277,7195.30227187402,51.25599896086
2019-01-31,7924.35378338955,7958.20415372403,7845.27912619594,113.5006830142
2019-02-28,8156.98177106265,8189.60681300352,8139.04859819346,-22.3813079818
2019-03-29,8485.66310293622,8489.01998248982,8433.21846709203,67.04465466398
2019-04-30,8952.14365212161,8964.63794606564,8888.42395356217,-66.24503022722
2019-05-31,8213.94940349795,8277.64324630916,8211.6652516075,-135.34063078227
2019-06-28,8846.01081383804,8858.90968166511,8809.53588443392,16.17492446819
2019-07-31,9055.05290523851,9205.51662109929,8969.85699146052,-119.6250304355
2019-08-30,8886.50000636988,8951.2939562801,8830.9282423376,-13.07234746549
2019-09-30,8960.02567684938,8974.35185187069,8895.33000386161,78.47086676842
2019-10-31,9351.56798385028,9382.34194499869,9302.77926303657,0.83264059853
2019-11-29,9735.22980898752,9772.61855442281,9733.43189972034,-47.52352132509
2019-12-31,10123.98297554673,10126.71704808924,10055.94572229345,27.06390337656
2020-01-31,10428.24980219976,10635.50377822921,10393.54778010934,-167.67302415094
2020-02-28,9825.85950972233,9859.10736431029,9445.00858800511,29.22504208296
2020-03-31,9081.81728856904,9312.03982653981,9025.98175610233,-87.75184965096
2020-04-30,10465.21007469587,10491.39805135117,10372.09439575624,20.63511158056
2020-05-29,11125.59280628004,11146.58433812874,10921.14700288881,161.61808150045
2020-06-30,11834.05082514582,11867.25577315054,11601.02503384471,227.97890953191
2020-07-31,12710.65188985895,12713.51398273306,12479.3240582944,221.87412482276
2020-08-31,14129.18197176762,14195.40699967757,14000.16239721233,133.9827120854
2020-09-30,13328.02255923128,13464.53775885003,13223.53675915747,111.0182849576
2020-10-30,12906.65935044754,13187.85705878917,12798.15339618557,-347.73483335186
2020-11-30,14339.93836237385,14376.51510991315,14132.60143577361,11.81083108386
2020-12-31,15072.2870581013,15090.77161840967,14974.6004406914,50.20055405171
2021-01-29,15120.81556518308,15404.47399040025,15027.30468386761,-323.0331313335
2021-02-26,15115.02391488815,15326.8458443571,14945.13082473257,94.99289439963
2021-03-31,15337.62120214848,15426.21468747344,15191.41530622148,228.34671757135
2021-04-30,16244.98120670808,16372.07205915436,16219.27442304562,-128.26209046839
2021-05-28,16055.69681662549,16148.71129932673,16053.72390733454,33.62741822988
2021-06-30,17083.11140646732,17115.38778406341,17055.02614200044,-20.72919153739
2021-07-30,17564.35333167189,17600.70827605384,17473.35529279624,-103.57038979458
2021-08-31,18311.17808445219,18336.95969069115,18240.99336849195,-25.41125182677
2021-09-30,17269.99472824143,17503.48301862447,17264.03749691802,-73.9135093807
2021-10-29,18640.96681897056,18648.52712403385,18391.98350602134,86.64065403828
2021-11-30,18992.07153988923,19367.10858974401,18918.90920601794,-309.69105543609
2021-12-31,19217.94429080045,19388.14483548478,19214.61963830474,-128.23516090948
2022-01-31,17586.5786659277,17591.8465097746,17012.72114170474,560.03596598119
2022-02-28,16787.29214633465,16856.61097684034,16517.94099259181,57.35640047066
2022-03-31,17506.11742098087,17800.92315948416,17502.18441833956,-274.60725246154
2022-04-29,15170.44072266502,15847.52061054773,15147.63826155537,-709.56333556248
2022-05-31,14937.99318410449,15080.65953958973,14749.20399776471,-46.25201104882
2022-06-30,13601.81658821173,13775.91566020176,13387.98480180066,-182.38685988168
2022-07-29,15316.04330200882,15361.78099498507,15053.78731901293,273.52524683428
2022-08-31,14533.28864736968,14805.78285447009,14528.60714219055,-82.35983003122
2022-09-30,13000.3997917814,13385.43335700091,12995.33890818742,-229.35737931593
2022-10-31,13521.31492029178,13613.09762158173,13433.2249524407,-166.72566644791
2022-11-30,14280.64066844546,14282.15608710129,13629.97557841496,626.41961765613
2022-12-30,12994.57330119566,12998.29769610518,12803.191891972,-13.25658685014
2023-01-31,14380.73900480086,14383.35049002281,14159.73338910029,225.2350054642
2023-02-28,14327.20912104466,14451.42684841095,14302.46767981426,-18.53018019102
2023-03-31,15693.91225205717,15702.8213668507,15439.89725974421,259.8020853957
2023-04-28,15775.35730145981,15777.02571161526,15597.84425897835,102.37454599531
2023-05-31,16995.55959583454,17140.16234499844,16950.33331567925,-119.061887378
2023-06-30,18108.43132359294,18149.64060469878,17991.94642448788,285.42772997224
2023-07-31,18803.7433512901,18859.29699415447,18738.98861833352,7.24570881977
2023-08-31,18521.39441753201,18609.72404514814,18479.98443695073,49.76408104229
2023-09-29,17590.92776731674,17814.0037751093,17530.59833271326,14.91697349635
2023-10-31,17232.74527718575,17245.49372656766,17020.61446210932,88.82701278041
2023-11-30,19097.14875049519,19175.69710870587,18950.85234630421,-42.78460801404
2023-12-29,20158.42122631246,20270.53375962629,20076.89965061118,-86.70564351837
2024-01-31,20539.35536187116,20824.70232757265,20529.17170198898,-406.50200507955
2024-02-29,21650.13050166734,21679.72205377679,21437.09834731109,208.28576235764
2024-03-28,21916.48965014281,21980.87422054824,21888.50933718702,-31.1979280948
2024-04-30,20945.58066669982,21339.70885279923,20945.58066669982,-410.75634770232
2024-05-31,22284.09097812131,22329.66617183567,21867.12576933562,-0.82089730354
2024-06-28,23680.38747019455,24083.21331432183,23659.90920237477,-126.33760716982
2024-07-31,23303.25492760424,23380.50020349055,23063.1531024678,683.20854226075
2024-08-30,23578.12680516963,23587.19553044874,23279.40455487174,302.47474836286
2024-09-30,24183.36239033052,24197.51205221452,23932.8205846078,63.75976381317
2024-10-31,23986.04754154632,24392.13263144527,23973.79961785517,-597.65412384241
2024-11-29,25260.61469909582,25291.92168244437,25045.31273787359,225.45984431897
2024-12-31,25376.2219281626,25695.00023805649,25336.7866570317,-222.29755136
2025-01-31,25947.53271001673,26392.02707028163,25884.40309560538,-33.93264481418
2025-02-28,25249.72858972238,25269.50541286691,24673.14878107435,406.34156359238
2025-03-31,23327.51918633377,23373.03628010781,22747.64096358237,-2.38297164466
2025-04-30,23689.80783884281,23740.33542791071,23013.17688328502,33.55888367507
2025-05-30,25853.83612190368,25908.70747128331,25480.21807099888,-25.03249841535
2025-06-30,27494.05004038576,27545.56336506341,27355.96917422461,176.52347815123
2025-07-31,28156.5173045443,28606.69227726168,28105.58833506002,-152.3739452718
2025-08-29,28416.57759990938,28649.70899267167,28342.00036260939,-346.76241622763
2025-09-30,29970.26311618615,29983.91476546988,29757.94229285046,84.38487956751
2025-10-31,31410.39097532244,31659.82167267048,31292.76080314856,152.77854532997
2025-11-28,30918.76780651082,30919.84165366203,30731.65458659903,241.77212934506
2025-12-31,30711.48557177979,30995.99261555512,30705.41752086301,-257.49569011393
2026-01-30,31089.81022529113,31419.39440781528,30972.76071513192,-400.72585507435
2026-02-27,30387.08416116185,30421.07476277802,30128.06512005351,-86.95651581501
2026-03-31,28924.50702786616,28984.70837690189,28264.72820771978,959.80306154415
2026-04-30,33454.16276155002,33497.92597084153,32939.03317749125,323.10285905334
2026-05-29,36993.15989799661,37160.05153330255,36842.95119039126,135.52774122095
